{"id":"in-service","name":"In Service","cables":[{"id":"acs-alaska-oregon-network-akorn","name":"ACS Alaska-Oregon Network (AKORN)","rfs":2009},{"id":"aden-djibouti","name":"Aden-Djibouti","rfs":1994},{"id":"adria-1","name":"Adria-1","rfs":1996},{"id":"aec-1","name":"AEC-1","rfs":2016},{"id":"africa-coast-to-europe-ace","name":"Africa Coast to Europe (ACE)","rfs":2012},{"id":"alaska-united-east-au-east","name":"Alaska United East (AU-East)","rfs":1999},{"id":"alaska-united-southeast-au-se","name":"Alaska United Southeast (AU-SE)","rfs":2008},{"id":"alaska-united-turnagain-arm-auta","name":"Alaska United Turnagain Arm (AUTA)","rfs":2012},{"id":"alaska-united-west-au-west","name":"Alaska United West (AU-West)","rfs":2004},{"id":"alba-1","name":"ALBA-1","rfs":2012},{"id":"aletar","name":"Aletar","rfs":1997},{"id":"alonso-de-ojeda","name":"Alonso de Ojeda","rfs":1999},{"id":"alpal-2","name":"ALPAL-2","rfs":2002},{"id":"america-movil-submarine-cable-system-1-amx-1","name":"America Movil Submarine Cable System-1 (AMX-1)","rfs":2014},{"id":"americas-i-north","name":"Americas-I North","rfs":1994},{"id":"americas-ii","name":"Americas-II","rfs":2000},{"id":"amerigo-vespucci","name":"Amerigo Vespucci","rfs":1999},{"id":"antillas-1","name":"Antillas 1","rfs":1997},{"id":"apcn-2","name":"APCN-2","rfs":2001},{"id":"apollo","name":"Apollo","rfs":2003},{"id":"aqualink","name":"Aqualink","rfs":2001},{"id":"arcos","name":"ARCOS","rfs":2001},{"id":"arsat-submarine-fiber-optic-cable","name":"ARSAT Submarine Fiber Optic Cable","rfs":2012},{"id":"asia-africa-europe-1-aae-1","name":"Asia Africa Europe-1 (AAE-1)","rfs":2017},{"id":"asia-america-gateway-aag-cable-system","name":"Asia-America Gateway (AAG) Cable System","rfs":2009},{"id":"asia-pacific-gateway-apg","name":"Asia Pacific Gateway (APG)","rfs":2016},{"id":"asia-submarine-cable-express-asecahaya-malaysia","name":"Asia Submarine-cable Express (ASE)/Cahaya Malaysia","rfs":2012},{"id":"atisa","name":"Atisa","rfs":2017},{"id":"atlantic-crossing-1-ac-1","name":"Atlantic Crossing-1 (AC-1)","rfs":1998},{"id":"atlas-offshore","name":"Atlas Offshore","rfs":2007},{"id":"australia-japan-cable-ajc","name":"Australia-Japan Cable (AJC)","rfs":2001},{"id":"australia-singapore-cable-asc","name":"Australia-Singapore Cable (ASC)","rfs":2018},{"id":"avassa","name":"Avassa","rfs":2016},{"id":"azores-fiber-optic-system-afos","name":"Azores Fiber Optic System (AFOS)","rfs":1998},{"id":"b2js-jakarta-bangka-batam-singapore-cable-system","name":"B2JS (Jakarta-Bangka-Batam-Singapore) Cable System","rfs":2013},{"id":"bahamas-2","name":"Bahamas 2","rfs":1997},{"id":"bahamas-domestic-submarine-network-bdsni","name":"Bahamas Domestic Submarine Network (BDSNi)","rfs":2006},{"id":"bahamas-internet-cable-system-bics","name":"Bahamas Internet Cable System (BICS)","rfs":2001},{"id":"balalink","name":"Balalink","rfs":2001},{"id":"balok","name":"BALOK","rfs":2016},{"id":"baltic-sea-submarine-cable","name":"Baltic Sea Submarine Cable","rfs":2000},{"id":"baltica","name":"Baltica","rfs":1997},{"id":"bass-strait-1","name":"Bass Strait-1","rfs":1995},{"id":"bass-strait-2","name":"Bass Strait-2","rfs":2003},{"id":"basslink","name":"Basslink","rfs":2005},{"id":"batam-dumai-melaka-bdm-cable-system","name":"Batam Dumai Melaka (BDM) Cable System","rfs":2009},{"id":"batam-rengit-cable-system-brcs","name":"Batam-Rengit Cable System (BRCS)","rfs":2007},{"id":"batam-sarawak-internet-cable-system-basics","name":"Batam Sarawak Internet Cable System (BaSICS)","rfs":2021},{"id":"batam-singapore-cable-system-bscs","name":"Batam Singapore Cable System (BSCS)","rfs":2009},{"id":"bay-of-bengal-gateway-bbg","name":"Bay of Bengal Gateway (BBG)","rfs":2016},{"id":"bcs-east","name":"BCS East","rfs":1995},{"id":"bcs-east-west-interlink","name":"BCS East-West Interlink","rfs":1997},{"id":"bcs-north---phase-1","name":"BCS North - Phase 1","rfs":1998},{"id":"bcs-north---phase-2","name":"BCS North - Phase 2","rfs":2000},{"id":"berytar","name":"BERYTAR","rfs":1997},{"id":"bharat-lanka-cable-system","name":"Bharat Lanka Cable System","rfs":2006},{"id":"bicentenario","name":"Bicentenario","rfs":2011},{"id":"bodo-rost-cable","name":"Bodo-Rost Cable","rfs":2016},{"id":"boracay-palawan-submarine-cable-system-bpscs","name":"Boracay-Palawan Submarine Cable System (BPSCS)","rfs":2013},{"id":"botnia","name":"Botnia","rfs":1994},{"id":"brazilian-festoon","name":"Brazilian Festoon","rfs":1996},{"id":"brusa","name":"BRUSA","rfs":2018},{"id":"bt-highlands-and-islands-submarine-cable-system","name":"BT Highlands and Islands Submarine Cable System","rfs":2014},{"id":"bt-mt-1","name":"BT-MT-1","rfs":1990},{"id":"bugio","name":"BUGIO","rfs":1996},{"id":"c-lion1","name":"C-Lion1","rfs":2016},{"id":"cabo-verde-telecom-domestic-submarine-cable-phase-1","name":"Cabo Verde Telecom Domestic Submarine Cable Phase 1","rfs":1997},{"id":"cabo-verde-telecom-domestic-submarine-cable-phase-2","name":"Cabo Verde Telecom Domestic Submarine Cable Phase 2","rfs":2002},{"id":"cabo-verde-telecom-domestic-submarine-cable-phase-3","name":"Cabo Verde Telecom Domestic Submarine Cable Phase 3","rfs":2011},{"id":"cadmos","name":"CADMOS","rfs":1995},{"id":"cam-ring","name":"CAM Ring","rfs":2003},{"id":"canalink","name":"Canalink","rfs":2011},{"id":"candalta","name":"CANDALTA","rfs":1999},{"id":"cantat-3","name":"CANTAT-3","rfs":1994},{"id":"caribbean-bermuda-u-s-cbus","name":"Caribbean-Bermuda U.S. (CBUS)","rfs":2009},{"id":"caribbean-regional-communications-infrastructure-program-carcip","name":"Caribbean Regional Communications Infrastructure Program (CARCIP)","rfs":2019},{"id":"caucasus-cable-system","name":"Caucasus Cable System","rfs":2008},{"id":"cayman-jamaica-fiber-system-cjfs","name":"Cayman-Jamaica Fiber System (CJFS)","rfs":1997},{"id":"ceiba-1","name":"Ceiba-1","rfs":2011},{"id":"ceiba-2","name":"Ceiba-2","rfs":2017},{"id":"celtixconnect-1-cc-1","name":"CeltixConnect-1 (CC-1)","rfs":2012},{"id":"challenger-bermuda-1-cb-1","name":"Challenger Bermuda-1 (CB-1)","rfs":2008},{"id":"channel-islands-9-liberty-submarine-cable","name":"Channel Islands-9 Liberty Submarine Cable","rfs":2008},{"id":"chennai-andaman-nicobar-islands-cable","name":"Chennai-Andaman \u0026 Nicobar Islands Cable","rfs":2020},{"id":"chuuk-pohnpei-cable","name":"Chuuk-Pohnpei Cable","rfs":2019},{"id":"circe-north","name":"Circe North","rfs":1999},{"id":"circe-south","name":"Circe South","rfs":1999},{"id":"cobracable","name":"COBRAcable","rfs":2019},{"id":"cogim","name":"COGIM","rfs":2005},{"id":"colombia-florida-subsea-fiber-cfx-1","name":"Colombia-Florida Subsea Fiber (CFX-1)","rfs":2008},{"id":"colombian-festoon","name":"Colombian Festoon","rfs":1997},{"id":"columbus-ii-b","name":"Columbus-II b","rfs":1994},{"id":"columbus-iii-azores-portugal","name":"Columbus-III Azores-Portugal","rfs":1999},{"id":"comoros-domestic-cable-system","name":"Comoros Domestic Cable System","rfs":2010},{"id":"concerto","name":"Concerto","rfs":1999},{"id":"converge-domestic-submarine-cable-network-cdscn","name":"Converge Domestic Submarine Cable Network (CDSCN)","rfs":2021},{"id":"cook-strait","name":"Cook Strait","rfs":2020},{"id":"coral-sea-cable-system-cs","name":"Coral Sea Cable System (CS²)","rfs":2020},{"id":"corse-continent-4-cc4","name":"Corse-Continent 4 (CC4)","rfs":1992},{"id":"corse-continent-5-cc5","name":"Corse-Continent 5 (CC5)","rfs":1995},{"id":"cross-straits-cable-network","name":"Cross Straits Cable Network","rfs":2012},{"id":"crosschannel-fibre","name":"CrossChannel Fibre","rfs":2021},{"id":"crosslake-fibre","name":"Crosslake Fibre","rfs":2019},{"id":"curie","name":"Curie","rfs":2020},{"id":"damai-cable-system","name":"DAMAI Cable System","rfs":2019},{"id":"danica-north","name":"Danica North","rfs":1998},{"id":"danice","name":"DANICE","rfs":2009},{"id":"denmark-poland-2","name":"Denmark-Poland 2","rfs":1991},{"id":"denmark-sweden-15","name":"Denmark-Sweden 15","rfs":1989},{"id":"denmark-sweden-16","name":"Denmark-Sweden 16","rfs":1991},{"id":"denmark-sweden-17","name":"Denmark-Sweden 17","rfs":1994},{"id":"denmark-sweden-18","name":"Denmark-Sweden 18","rfs":1996},{"id":"denpasar-waingapu-cable-systems","name":"Denpasar-Waingapu Cable Systems","rfs":2019},{"id":"dhiraagu-cable-network","name":"Dhiraagu Cable Network","rfs":2012},{"id":"dhiraagu-slt-submarine-cable-network","name":"Dhiraagu-SLT Submarine Cable Network","rfs":2007},{"id":"didon","name":"Didon","rfs":2014},{"id":"djibouti-africa-regional-express-1-dare1","name":"Djibouti Africa Regional Express 1 (DARE1)","rfs":2021},{"id":"dos-continentes-l-ll","name":"DOS CONTINENTES l \u0026 ll","rfs":2020},{"id":"dumai-melaka-cable-system","name":"Dumai-Melaka Cable System","rfs":2005},{"id":"dunant","name":"Dunant","rfs":2021},{"id":"e-llan","name":"E-LLAN","rfs":2007},{"id":"eac-c2c","name":"EAC-C2C","rfs":2002},{"id":"east-west","name":"East-West","rfs":2011},{"id":"east-west-submarine-cable-system","name":"East-West Submarine Cable System","rfs":2004},{"id":"eastern-africa-submarine-system-eassy","name":"Eastern Africa Submarine System (EASSy)","rfs":2010},{"id":"eastern-caribbean-fiber-system-ecfs","name":"Eastern Caribbean Fiber System (ECFS)","rfs":1995},{"id":"eastern-light","name":"Eastern Light","rfs":2019},{"id":"eclink","name":"ECLink","rfs":2007},{"id":"elektra-globalconnect-1-gc1","name":"Elektra-GlobalConnect 1 (GC1)","rfs":2000},{"id":"ellalink","name":"EllaLink","rfs":2021},{"id":"emerald-bridge-fibres","name":"Emerald Bridge Fibres","rfs":2012},{"id":"energinet-laeso-varberg","name":"Energinet Laeso-Varberg","rfs":2011},{"id":"energinet-lyngsa-laeso","name":"Energinet Lyngsa-Laeso","rfs":2011},{"id":"epic-malta-sicily-cable-system-emscs","name":"Epic Malta-Sicily Cable System (EMSCS)","rfs":2004},{"id":"esat-1","name":"ESAT-1","rfs":1999},{"id":"esat-2","name":"ESAT-2","rfs":2000},{"id":"estepona-tetouan","name":"Estepona-Tetouan","rfs":1994},{"id":"europe-india-gateway-eig","name":"Europe India Gateway (EIG)","rfs":2011},{"id":"eviny-digital","name":"Eviny Digital","rfs":2020},{"id":"exa-express","name":"EXA Express","rfs":2015},{"id":"exa-north-and-south","name":"EXA North and South","rfs":2001},{"id":"falcon","name":"FALCON","rfs":2006},{"id":"far-east-submarine-cable-system","name":"Far East Submarine Cable System","rfs":2016},{"id":"farice-1","name":"FARICE-1","rfs":2004},{"id":"farland-north","name":"Farland North","rfs":1998},{"id":"faster","name":"FASTER","rfs":2016},{"id":"fehmarn-blt","name":"Fehmarn Bält","rfs":2000},{"id":"fiber-optic-gulf-fog","name":"Fiber Optic Gulf (FOG)","rfs":1998},{"id":"fibra-optica-al-pacfico","name":"Fibra Optica al Pacífico","rfs":2020},{"id":"fibra-optica-austral","name":"Fibra Optica Austral","rfs":2020},{"id":"fibralink","name":"Fibralink","rfs":2006},{"id":"finland-estonia-2-eesf-2","name":"Finland-Estonia 2 (EESF-2)","rfs":1992},{"id":"finland-estonia-3-eesf-3","name":"Finland-Estonia 3 (EESF-3)","rfs":1994},{"id":"finland-estonia-connection-fec","name":"Finland Estonia Connection (FEC)","rfs":2000},{"id":"flag-atlantic-1-fa-1","name":"FLAG Atlantic-1 (FA-1)","rfs":2001},{"id":"flag-europe-asia-fea","name":"FLAG Europe-Asia (FEA)","rfs":1997},{"id":"flag-north-asia-loopreach-north-asia-loop","name":"FLAG North Asia Loop/REACH North Asia Loop","rfs":2001},{"id":"flores-corvo-cable-system","name":"Flores-Corvo Cable System","rfs":2014},{"id":"fly-lion3","name":"FLY-LION3","rfs":2019},{"id":"fos-quellon-chacabuco","name":"FOS Quellon-Chacabuco","rfs":2015},{"id":"gemini-bermuda","name":"Gemini Bermuda","rfs":2007},{"id":"geo-eirgrid","name":"Geo-Eirgrid","rfs":2012},{"id":"georgia-russia","name":"Georgia-Russia","rfs":2000},{"id":"germany-denmark-3","name":"Germany-Denmark 3","rfs":2000},{"id":"glo-1","name":"Glo-1","rfs":2010},{"id":"global-caribbean-network-gcn","name":"Global Caribbean Network (GCN)","rfs":2006},{"id":"globalconnect-2-gc2","name":"GlobalConnect 2 (GC2)","rfs":2001},{"id":"globalconnect-3-gc3","name":"GlobalConnect 3 (GC3)","rfs":2006},{"id":"globalconnect-kpn","name":"GlobalConnect-KPN","rfs":2006},{"id":"globenet","name":"GlobeNet","rfs":2000},{"id":"go-1-mediterranean-cable-system","name":"GO-1 Mediterranean Cable System","rfs":2008},{"id":"gondwana-1","name":"Gondwana-1","rfs":2008},{"id":"greenland-connect","name":"Greenland Connect","rfs":2009},{"id":"greenland-connect-north","name":"Greenland Connect North","rfs":2017},{"id":"groix-4","name":"Groix 4","rfs":2022},{"id":"gtmo-1","name":"GTMO-1","rfs":2016},{"id":"gtmo-pr","name":"GTMO-PR","rfs":2019},{"id":"guadeloupe-cable-des-iles-du-sud-gcis","name":"Guadeloupe Cable des Iles du Sud (GCIS)","rfs":2020},{"id":"guam-okinawa-kyushu-incheon-goki","name":"Guam Okinawa Kyushu Incheon (GOKI)","rfs":2013},{"id":"guernsey-jersey-4","name":"Guernsey-Jersey-4","rfs":1994},{"id":"gulf-bridge-international-cable-system-gbicsmiddle-east-north-africa-mena-cable-system","name":"Gulf Bridge International Cable System (GBICS)/Middle East North Africa (MENA) Cable System","rfs":2012},{"id":"gulf-of-california-cable","name":"Gulf of California Cable","rfs":2019},{"id":"gulf-of-mexico-fiber-optic-network","name":"Gulf of Mexico Fiber Optic Network","rfs":2008},{"id":"gulf2africa-g2a","name":"Gulf2Africa (G2A)","rfs":2017},{"id":"hainan-to-hong-kong-express-h2he","name":"Hainan to Hong Kong Express (H2HE)","rfs":2021},{"id":"hannibal-system","name":"HANNIBAL System","rfs":2009},{"id":"hantru1-cable-system","name":"HANTRU1 Cable System","rfs":2010},{"id":"havfrueaec-2","name":"Havfrue/AEC-2","rfs":2020},{"id":"havhingstenceltixconnect-2-cc-2","name":"Havhingsten/CeltixConnect-2 (CC-2)","rfs":2022},{"id":"havhingstennorth-sea-connect-nsc","name":"Havhingsten/North Sea Connect (NSC)","rfs":2022},{"id":"havsil","name":"Havsil","rfs":2022},{"id":"hawaiki","name":"Hawaiki","rfs":2018},{"id":"hawk","name":"Hawk","rfs":2011},{"id":"hdr1","name":"HDR1","rfs":null},{"id":"hdr2","name":"HDR2","rfs":null},{"id":"hics-hawaii-inter-island-cable-system","name":"HICS (Hawaii Inter-Island Cable System)","rfs":1994},{"id":"hifn-hawaii-island-fibre-network","name":"HIFN (Hawaii Island Fibre Network)","rfs":1997},{"id":"high-capacity-undersea-guernsey-optical-fibre-hugo","name":"High-capacity Undersea Guernsey Optical-fibre (HUGO)","rfs":2007},{"id":"hokkaido-sakhalin-cable-system-hscs","name":"Hokkaido-Sakhalin Cable System (HSCS)","rfs":2008},{"id":"honotua","name":"Honotua","rfs":2010},{"id":"hronn","name":"Hronn","rfs":2022},{"id":"i2i-cable-network-i2icn","name":"i2i Cable Network (i2icn)","rfs":2002},{"id":"imewe","name":"IMEWE","rfs":2010},{"id":"indigo-central","name":"INDIGO-Central","rfs":2019},{"id":"indigo-west","name":"INDIGO-West","rfs":2019},{"id":"indonesia-global-gateway-igg-system","name":"Indonesia Global Gateway (IGG) System","rfs":2018},{"id":"ingrid","name":"INGRID","rfs":2004},{"id":"interchange-cable-network-1-icn1","name":"Interchange Cable Network 1 (ICN1)","rfs":2014},{"id":"ip-only-denmark-sweden","name":"IP-Only Denmark-Sweden","rfs":1994},{"id":"isles-of-scilly-cable","name":"Isles of Scilly Cable","rfs":2014},{"id":"italy-albania","name":"Italy-Albania","rfs":1997},{"id":"italy-croatia","name":"Italy-Croatia","rfs":1994},{"id":"italy-greece-1","name":"Italy-Greece 1","rfs":1995},{"id":"italy-libya","name":"Italy-Libya","rfs":1998},{"id":"italy-malta","name":"Italy-Malta","rfs":1995},{"id":"italy-monaco","name":"Italy-Monaco","rfs":1995},{"id":"ixchel","name":"Ixchel","rfs":2007},{"id":"jaka2ladema","name":"JaKa2LaDeMa","rfs":2010},{"id":"jakabare","name":"JAKABARE","rfs":2009},{"id":"jakarta-bangka-bintan-batam-singapore-b3js","name":"Jakarta-Bangka-Bintan-Batam-Singapore (B3JS)","rfs":2012},{"id":"jakarta-surabaya-cable-system-jayabaya","name":"Jakarta Surabaya Cable System (JAYABAYA)","rfs":2018},{"id":"jambi-batam-cable-system-jiba","name":"Jambi-Batam Cable System (JIBA)","rfs":2014},{"id":"janna","name":"Janna","rfs":2005},{"id":"japan-guam-australia-north-jga-n","name":"Japan-Guam-Australia North (JGA-N)","rfs":2020},{"id":"japan-guam-australia-south-jga-s","name":"Japan-Guam-Australia South (JGA-S)","rfs":2020},{"id":"japan-information-highway-jih","name":"Japan Information Highway (JIH)","rfs":1999},{"id":"japan-u-s-cable-network-jus","name":"Japan-U.S. Cable Network (JUS)","rfs":2001},{"id":"jasuka","name":"JASUKA","rfs":2006},{"id":"java-bali-cable-system-jbcs","name":"Java Bali Cable System (JBCS)","rfs":2013},{"id":"java-kalimantan-sulawesi-jakasusi","name":"Java-Kalimantan-Sulawesi (JAKASUSI)","rfs":2006},{"id":"jerry-newton","name":"Jerry Newton","rfs":2007},{"id":"jonah","name":"Jonah","rfs":2012},{"id":"jscfs","name":"JSCFS","rfs":1997},{"id":"junior","name":"Junior","rfs":2018},{"id":"jupiter","name":"JUPITER","rfs":2020},{"id":"kafos","name":"KAFOS","rfs":1997},{"id":"kaliningrad-cable","name":"Kaliningrad Cable","rfs":2021},{"id":"kanawa","name":"Kanawa","rfs":2019},{"id":"kattegat-2","name":"Kattegat 2","rfs":2001},{"id":"kerch-strait-cable","name":"Kerch Strait Cable","rfs":2014},{"id":"ketchcan1-submarine-fiber-cable-system","name":"KetchCan1 Submarine Fiber Cable System","rfs":2020},{"id":"kodiak-kenai-fiber-link-kkfl","name":"Kodiak Kenai Fiber Link (KKFL)","rfs":2007},{"id":"korea-japan-cable-network-kjcn","name":"Korea-Japan Cable Network (KJCN)","rfs":2002},{"id":"kumul-domestic-submarine-cable-system","name":"Kumul Domestic Submarine Cable System","rfs":2019},{"id":"kupang-alor-cable-systems","name":"Kupang-Alor Cable Systems","rfs":2019},{"id":"kuwait-iran","name":"Kuwait-Iran","rfs":2005},{"id":"la-gomera-el-hierro","name":"La Gomera-El Hierro","rfs":null},{"id":"labuan-brunei-submarine-cable","name":"Labuan-Brunei Submarine Cable","rfs":2017},{"id":"lanis-1","name":"Lanis-1","rfs":1992},{"id":"lanis-2","name":"Lanis-2","rfs":1992},{"id":"lanis-3","name":"Lanis-3","rfs":1992},{"id":"latvia-sweden-1-lv-se-1","name":"Latvia-Sweden 1 (LV-SE 1)","rfs":1994},{"id":"lazaro-cardenas-manzanillo-santiago-submarine-cable-system-lcmsscs","name":"Lazaro Cardenas-Manzanillo Santiago Submarine Cable System (LCMSSCS)","rfs":2013},{"id":"lev-submarine-system","name":"Lev Submarine System","rfs":1999},{"id":"lfon-libyan-fiber-optic-network","name":"LFON (Libyan Fiber Optic Network)","rfs":1999},{"id":"libreville-port-gentil-cable","name":"Libreville-Port Gentil Cable","rfs":2012},{"id":"link-1-phase-1","name":"Link 1 Phase-1","rfs":2003},{"id":"link-1-phase-2","name":"Link 1 Phase-2","rfs":2005},{"id":"link-2-phase-1","name":"Link 2 Phase-1","rfs":2004},{"id":"link-2-phase-2","name":"Link 2 Phase-2","rfs":2005},{"id":"link-3-phase-1","name":"Link 3 Phase-1","rfs":2003},{"id":"link-3-phase-2","name":"Link 3 Phase-2","rfs":2005},{"id":"link-4-phase-2","name":"Link 4 Phase-2","rfs":2005},{"id":"link-5-phase-2","name":"Link 5 Phase-2","rfs":2005},{"id":"lower-indian-ocean-network-2-lion2","name":"Lower Indian Ocean Network 2 (LION2)","rfs":2012},{"id":"lower-indian-ocean-network-lion","name":"Lower Indian Ocean Network (LION)","rfs":2009},{"id":"luwuk-tutuyan-cable-system-ltcs","name":"Luwuk Tutuyan Cable System (LTCS)","rfs":2015},{"id":"lynn-canal-fiber","name":"Lynn Canal Fiber","rfs":2016},{"id":"mainone","name":"MainOne","rfs":2010},{"id":"malaysia-cambodia-thailand-mct-cable","name":"Malaysia-Cambodia-Thailand (MCT) Cable","rfs":2017},{"id":"malbec","name":"Malbec","rfs":2021},{"id":"maldives-sri-lanka-cable-msc","name":"Maldives Sri Lanka Cable (MSC)","rfs":2021},{"id":"malta-gozo-cable","name":"Malta-Gozo Cable","rfs":2020},{"id":"malta-italy-interconnector","name":"Malta-Italy Interconnector","rfs":2015},{"id":"manatua","name":"Manatua","rfs":2020},{"id":"marea","name":"MAREA","rfs":2018},{"id":"mariana-guam-cable","name":"Mariana-Guam Cable","rfs":1997},{"id":"maroc-telecom-west-africa","name":"Maroc Telecom West Africa","rfs":2021},{"id":"mataram-kupang-cable-system-mkcs","name":"Mataram Kupang Cable System (MKCS)","rfs":2011},{"id":"matrix-cable-system","name":"Matrix Cable System","rfs":2008},{"id":"mauritius-and-rodrigues-submarine-cable-system-mars","name":"Mauritius and Rodrigues Submarine Cable System (MARS)","rfs":2019},{"id":"maya-1","name":"Maya-1","rfs":2000},{"id":"med-cable-network","name":"Med Cable Network","rfs":2005},{"id":"mednautilus-submarine-system","name":"MedNautilus Submarine System","rfs":2001},{"id":"melita-1","name":"Melita 1","rfs":2009},{"id":"meltingpot-indianoceanic-submarine-system-metiss","name":"Meltingpot Indianoceanic Submarine System (METISS)","rfs":2021},{"id":"mid-atlantic-crossing-mac","name":"Mid-Atlantic Crossing (MAC)","rfs":2000},{"id":"middle-east-north-africa-mena-cable-systemgulf-bridge-international","name":"Middle East North Africa (MENA) Cable System/Gulf Bridge International","rfs":2014},{"id":"minoas-east-and-west","name":"Minoas East and West","rfs":2021},{"id":"miyazaki-okinawa-cable-moc","name":"Miyazaki-Okinawa Cable (MOC)","rfs":1997},{"id":"monet","name":"Monet","rfs":2017},{"id":"moratelindo-international-cable-system-1-mic-1","name":"Moratelindo International Cable System-1 (MIC-1)","rfs":2008},{"id":"national-digital-transmission-network-ndtn","name":"National Digital Transmission Network (NDTN)","rfs":1999},{"id":"nationwide-submarine-cable-ooredoo-maldives-nascom","name":"Nationwide Submarine Cable Ooredoo Maldives (NaSCOM)","rfs":2017},{"id":"natitua","name":"Natitua","rfs":2018},{"id":"nelson-levin","name":"Nelson-Levin","rfs":2001},{"id":"new-cross-pacific-ncp-cable-system","name":"New Cross Pacific (NCP) Cable System","rfs":2018},{"id":"nigeria-cameroon-submarine-cable-system-ncscs","name":"Nigeria Cameroon Submarine Cable System (NCSCS)","rfs":2015},{"id":"no-uk","name":"NO-UK","rfs":2021},{"id":"nordbalt","name":"NordBalt","rfs":2016},{"id":"north-west-cable-system","name":"North West Cable System","rfs":2016},{"id":"northern-lights","name":"Northern Lights","rfs":2008},{"id":"northstar","name":"NorthStar","rfs":1999},{"id":"okinawa-cellular-cable","name":"Okinawa Cellular Cable","rfs":2020},{"id":"omranepeg-cable-system","name":"OMRAN/EPEG Cable System","rfs":2013},{"id":"oran-valencia-orval","name":"Oran-Valencia (ORVAL)","rfs":2020},{"id":"oteglobe-kokkini-bari","name":"OTEGLOBE Kokkini-Bari","rfs":2004},{"id":"pacific-caribbean-cable-system-pccs","name":"Pacific Caribbean Cable System (PCCS)","rfs":2015},{"id":"pacific-crossing-1-pc-1","name":"Pacific Crossing-1 (PC-1)","rfs":1999},{"id":"pacific-light-cable-network-plcn","name":"Pacific Light Cable Network (PLCN)","rfs":2022},{"id":"palapa-ring-east","name":"Palapa Ring East","rfs":2019},{"id":"palapa-ring-middle","name":"Palapa Ring Middle","rfs":2018},{"id":"palapa-ring-west","name":"Palapa Ring West","rfs":2018},{"id":"palawan-iloilo-cable-system","name":"Palawan-Iloilo Cable System","rfs":2014},{"id":"pan-american-crossing-pac","name":"Pan-American Crossing (PAC)","rfs":2000},{"id":"pan-european-crossing-uk-belgium","name":"Pan European Crossing (UK-Belgium)","rfs":1999},{"id":"pan-european-crossing-uk-ireland","name":"Pan European Crossing (UK-Ireland)","rfs":2000},{"id":"paniolo-cable-network","name":"Paniolo Cable Network","rfs":2009},{"id":"pasuli","name":"PASULI","rfs":2019},{"id":"peace-cable","name":"PEACE Cable","rfs":2022},{"id":"penbal-4","name":"Penbal-4","rfs":1991},{"id":"penbal-5","name":"Penbal-5","rfs":1994},{"id":"pencan-8","name":"Pencan-8","rfs":2011},{"id":"pencan-9","name":"Pencan-9","rfs":null},{"id":"persona","name":"Persona","rfs":2008},{"id":"pgascom","name":"PGASCOM","rfs":2010},{"id":"picot-1","name":"Picot-1","rfs":2008},{"id":"pipe-pacific-cable-1-ppc-1","name":"PIPE Pacific Cable-1 (PPC-1)","rfs":2009},{"id":"pishgaman-oman-iran-poi-network","name":"Pishgaman Oman Iran (POI) Network","rfs":2012},{"id":"pldt-domestic-fiber-optic-network-dfon","name":"PLDT Domestic Fiber Optic Network (DFON)","rfs":1997},{"id":"png-lng","name":"PNG LNG","rfs":2014},{"id":"polar-circle-cable","name":"Polar Circle Cable","rfs":2007},{"id":"poseidon","name":"POSEIDON","rfs":2014},{"id":"prat","name":"Prat","rfs":2020},{"id":"qatar-u-a-e-submarine-cable-system","name":"Qatar-U.A.E. Submarine Cable System","rfs":2004},{"id":"quintillion-subsea-cable-network","name":"Quintillion Subsea Cable Network","rfs":2017},{"id":"rnne-rdvig","name":"Rønne-Rødvig","rfs":1989},{"id":"rockabill","name":"Rockabill","rfs":2019},{"id":"romulo","name":"Romulo","rfs":2011},{"id":"russia-japan-cable-network-rjcn","name":"Russia-Japan Cable Network (RJCN)","rfs":2008},{"id":"s-u-b-cable-system","name":"S-U-B Cable System","rfs":2008},{"id":"saba-statia-cable-system-sscs","name":"Saba, Statia Cable System (SSCS)","rfs":2013},{"id":"safe","name":"SAFE","rfs":2002},{"id":"sakhalin-kuril-islands-cable","name":"Sakhalin-Kuril Islands Cable","rfs":2019},{"id":"samoa-american-samoa-sas","name":"Samoa-American Samoa (SAS)","rfs":2009},{"id":"san-andres-isla-tolu-submarine-cable-sait","name":"San Andres Isla Tolu Submarine Cable (SAIT)","rfs":2010},{"id":"sape-labuanbajo-ende-kupang-cable-systems","name":"Sape-LabuanBajo-Ende-Kupang Cable Systems","rfs":2021},{"id":"sat-3wasc","name":"SAT-3/WASC","rfs":2002},{"id":"saudi-arabia-sudan-1-sas-1","name":"Saudi Arabia-Sudan-1 (SAS-1)","rfs":2003},{"id":"saudi-arabia-sudan-2-sas-2","name":"Saudi Arabia-Sudan-2 (SAS-2)","rfs":2011},{"id":"scandinavian-ring-north","name":"Scandinavian Ring North","rfs":2000},{"id":"scandinavian-ring-south","name":"Scandinavian Ring South","rfs":2000},{"id":"scotland-northern-ireland-1","name":"Scotland-Northern Ireland 1","rfs":1989},{"id":"scotland-northern-ireland-2","name":"Scotland-Northern Ireland 2","rfs":1993},{"id":"scylla","name":"Scylla","rfs":2021},{"id":"sea-us","name":"SEA-US","rfs":2017},{"id":"sea2shore","name":"sea2shore","rfs":2016},{"id":"seabras-1","name":"Seabras-1","rfs":2017},{"id":"seacomtata-tgn-eurasia","name":"SEACOM/Tata TGN-Eurasia","rfs":2009},{"id":"seamewe-3","name":"SeaMeWe-3","rfs":1999},{"id":"seamewe-4","name":"SeaMeWe-4","rfs":2005},{"id":"seamewe-5","name":"SeaMeWe-5","rfs":2016},{"id":"seax-1","name":"SEAX-1","rfs":2018},{"id":"segunda-fos-canal-de-chacao","name":"Segunda FOS Canal de Chacao","rfs":2015},{"id":"senegal-horn-of-africa-regional-express-share-cable","name":"Senegal Horn of Africa Regional Express (SHARE) Cable","rfs":2022},{"id":"seychelles-to-east-africa-system-seas","name":"Seychelles to East Africa System (SEAS)","rfs":2012},{"id":"shefa-2","name":"SHEFA-2","rfs":2008},{"id":"silphium","name":"Silphium","rfs":2013},{"id":"sint-maarten-puerto-rico-network-one-smpr-1","name":"Sint Maarten Puerto Rico Network One (SMPR-1)","rfs":2004},{"id":"sir-abu-nuayr-cable","name":"Sir Abu Nu’ayr Cable","rfs":2018},{"id":"sirius-north","name":"Sirius North","rfs":1999},{"id":"sirius-south","name":"Sirius South","rfs":1999},{"id":"sistem-kabel-rakyat-1malaysia-skr1m","name":"Sistem Kabel Rakyat 1Malaysia (SKR1M)","rfs":2017},{"id":"sjjk","name":"SJJK","rfs":2008},{"id":"skagenfiber-west","name":"Skagenfiber West","rfs":2020},{"id":"skagerrak-4","name":"Skagerrak 4","rfs":2014},{"id":"smpcs-packet-1","name":"SMPCS Packet-1","rfs":2015},{"id":"smpcs-packet-2","name":"SMPCS Packet-2","rfs":2015},{"id":"solas","name":"Solas","rfs":1999},{"id":"sorsogon-samar-submarine-fiber-optical-interconnection-project-sssfoip","name":"Sorsogon-Samar Submarine Fiber Optical Interconnection Project (SSSFOIP)","rfs":2019},{"id":"south-america-1-sam-1","name":"South America-1 (SAm-1)","rfs":2001},{"id":"south-american-crossing-sac","name":"South American Crossing (SAC)","rfs":2000},{"id":"south-atlantic-cable-system-sacs","name":"South Atlantic Cable System (SACS)","rfs":2018},{"id":"south-atlantic-inter-link-sail","name":"South Atlantic Inter Link (SAIL)","rfs":2020},{"id":"south-pacific-cable-system-spscmistral","name":"South Pacific Cable System (SPSC)/Mistral","rfs":2021},{"id":"southeast-asia-japan-cable-sjc","name":"Southeast Asia-Japan Cable (SJC)","rfs":2013},{"id":"southern-caribbean-fiber","name":"Southern Caribbean Fiber","rfs":2006},{"id":"southern-cross-cable-network-sccn","name":"Southern Cross Cable Network (SCCN)","rfs":2000},{"id":"southern-cross-next","name":"Southern Cross NEXT","rfs":2022},{"id":"st-pierre-and-miquelon-cable","name":"St. Pierre and Miquelon Cable","rfs":2018},{"id":"st-thomas-st-croix-system","name":"St. Thomas-St. Croix System","rfs":1997},{"id":"strategic-evolution-underwater-link-seul","name":"Strategic Evolution Underwater Link (SEUL)","rfs":2017},{"id":"subcan-link-1","name":"Subcan Link 1","rfs":2002},{"id":"subcan-link-2","name":"Subcan Link 2","rfs":2002},{"id":"sumatera-bangka-cable-system-sbcs","name":"Sumatera Bangka Cable System (SBCS)","rfs":2014},{"id":"suriname-guyana-submarine-cable-system-sg-scs","name":"Suriname-Guyana Submarine Cable System (SG-SCS)","rfs":2010},{"id":"svalbard-undersea-cable-system","name":"Svalbard Undersea Cable System","rfs":2004},{"id":"sweden-estonia-ee-s-1","name":"Sweden-Estonia (EE-S 1)","rfs":1995},{"id":"sweden-finland-4-sfs-4","name":"Sweden-Finland 4 (SFS-4)","rfs":1993},{"id":"sweden-finland-link-sfl","name":"Sweden-Finland Link (SFL)","rfs":1994},{"id":"sweden-latvia","name":"Sweden-Latvia","rfs":2005},{"id":"taba-aqaba","name":"Taba-Aqaba","rfs":1998},{"id":"taino-carib","name":"Taino-Carib","rfs":1992},{"id":"taiwan-strait-express-1-tse-1","name":"Taiwan Strait Express-1 (TSE-1)","rfs":2013},{"id":"tamares-north","name":"Tamares North","rfs":2012},{"id":"tampnet-offshore-foc-network","name":"Tampnet Offshore FOC Network","rfs":1999},{"id":"tangerine","name":"Tangerine","rfs":2000},{"id":"tanjun-pandan-sungai-kakap-cable-system","name":"Tanjun Pandan-Sungai Kakap Cable System","rfs":2019},{"id":"tannat","name":"Tannat","rfs":2018},{"id":"tarakan-selor-cable-system-tscs","name":"Tarakan Selor Cable System (TSCS)","rfs":2014},{"id":"tasman-global-access-tga-cable","name":"Tasman Global Access (TGA) Cable","rfs":2017},{"id":"tata-tgn-atlantic","name":"Tata TGN-Atlantic","rfs":2001},{"id":"tata-tgn-gulf","name":"Tata TGN-Gulf","rfs":2012},{"id":"tata-tgn-intra-asia-tgn-ia","name":"Tata TGN-Intra Asia (TGN-IA)","rfs":2009},{"id":"tata-tgn-pacific","name":"Tata TGN-Pacific","rfs":2002},{"id":"tata-tgn-tata-indicom","name":"Tata TGN-Tata Indicom","rfs":2004},{"id":"tata-tgn-western-europe","name":"Tata TGN-Western Europe","rfs":2002},{"id":"te-northtgn-eurasiaseacomalexandrosmedex","name":"TE North/TGN-Eurasia/SEACOM/Alexandros/Medex","rfs":2011},{"id":"telstra-endeavour","name":"Telstra Endeavour","rfs":2008},{"id":"tenerife-gran-canaria","name":"Tenerife-Gran Canaria","rfs":1999},{"id":"tenerife-la-gomera-la-palma","name":"Tenerife-La Gomera-La Palma","rfs":1994},{"id":"tenerife-la-palma","name":"Tenerife-La Palma","rfs":null},{"id":"terra-sw","name":"TERRA SW","rfs":2012},{"id":"thailand-indonesia-singapore-tis","name":"Thailand-Indonesia-Singapore (TIS)","rfs":2003},{"id":"the-east-african-marine-system-teams","name":"The East African Marine System (TEAMS)","rfs":2009},{"id":"thetis","name":"Thetis","rfs":2022},{"id":"tobrok-emasaed-cable-system","name":"Tobrok-Emasaed Cable System","rfs":2010},{"id":"tonga-cable","name":"Tonga Cable","rfs":2013},{"id":"tonga-domestic-cable-extension-tdce","name":"Tonga Domestic Cable Extension (TDCE)","rfs":2018},{"id":"trans-pacific-express-tpe-cable-system","name":"Trans-Pacific Express (TPE) Cable System","rfs":2008},{"id":"transcan-2","name":"TRANSCAN-2","rfs":1990},{"id":"transcan-3","name":"TRANSCAN-3","rfs":2000},{"id":"transworld-tw1","name":"Transworld (TW1)","rfs":2006},{"id":"trapani-kelibia","name":"Trapani-Kelibia","rfs":1995},{"id":"tt-1","name":"TT-1","rfs":2012},{"id":"tui-samoa","name":"Tui-Samoa","rfs":2018},{"id":"turcyos-1","name":"Turcyos-1","rfs":1993},{"id":"turcyos-2","name":"Turcyos-2","rfs":2011},{"id":"tverrlinken","name":"Tverrlinken","rfs":2010},{"id":"uae-iran","name":"UAE-Iran","rfs":1992},{"id":"ugarit","name":"UGARIT","rfs":1995},{"id":"uk-channel-islands-7","name":"UK-Channel Islands-7","rfs":1994},{"id":"uk-channel-islands-8","name":"UK-Channel Islands-8","rfs":1994},{"id":"ulysses-2","name":"Ulysses 2","rfs":1997},{"id":"unisur","name":"Unisur","rfs":1995},{"id":"unityeac-pacific","name":"Unity/EAC-Pacific","rfs":2010},{"id":"venezuelan-festoon","name":"Venezuelan Festoon","rfs":1998},{"id":"vodafone-greece-domestic","name":"Vodafone Greece Domestic","rfs":2008},{"id":"west-africa-cable-system-wacs","name":"West Africa Cable System (WACS)","rfs":2012},{"id":"x-link-submarine-cable","name":"X-Link Submarine Cable","rfs":2019},{"id":"yellow","name":"Yellow","rfs":2000},{"id":"zeus","name":"Zeus","rfs":2022}],"landing_points":["aasiaat-greenland","aberdeen-united-kingdom","abidjan-cte-divoire","abu-dhabi-united-arab-emirates","abu-talat-egypt","accra-ghana","achnaba-united-kingdom","aden-yemen","aeng-batu-batu-indonesia","aethos-greece","aetos-greece","agats-indonesia","agios-sostis-greece","aguimes-canary-islands-spain","aikerness-bay-united-kingdom","aitutaki-cook-islands","ajaccio-france","ajigaura-japan","akita-japan","al-bayda-libya","al-bustan-oman","al-daayen-qatar","al-faw-iraq","al-ghaydah-yemen","al-hidd-bahrain","al-hudaydah-yemen","al-kheesa-qatar","al-khobar-saudi-arabia","al-khums-libya","al-safat-kuwait","al-seeb-oman","aldeburgh-united-kingdom","alexandria-egypt","alexandria-nsw-australia","algiers-algeria","allen-philippines","alofi-niue","alor-indonesia","alotau-papua-new-guinea","alsgarde-denmark","alta-vista-canary-islands-spain","ambon-indonesia","amwaj-island-bahrain","anchorage-ak-united-states","ancol-indonesia","angoon-ak-united-states","angra-do-heroismo-portugal","annaba-algeria","antofagasta-chile","anyer-indonesia","apia-samoa","aqaba-jordan","aracaju-brazil","arawa-papua-new-guinea","archirondel-jersey","ardbeg-point-united-kingdom","ardgour-united-kingdom","ardmair-united-kingdom","ardnacross-united-kingdom","ardneil-bay-united-kingdom","ardvasar-united-kingdom","ardyne-point-united-kingdom","arica-chile","arrecife-canary-islands-spain","arutua-french-polynesia","asilah-morocco","atafona-brazil","athens-greece","auckland-new-zealand","auki-solomon-islands","aylesford-ns-canada","ayre-of-cara-united-kingdom","baa-indonesia","baby-beach-aruba","baclayon-philippines","bacong-philippines","bahar-ic-caghaq-malta","baie-du-tombeau-mauritius","baie-jacotet-mauritius","baie-longue-saint-martin","baie-mahault-guadeloupe","baillif-guadeloupe","balboa-panama","balchik-bulgaria","baler-philippines","bali-indonesia","balikpapan-indonesia","balla-united-kingdom","ballesteros-philippines","ballinesker-ireland","balluta-bay-malta","ballygrangans-ireland","ballyhornan-united-kingdom","ballywater-united-kingdom","banana-bay-virgin-islands-u-s-","bandaneria-indonesia","bandar-abbas-iran","bandar-bukit-tinggi-malaysia","bandar-lampung-indonesia","bandon-or-united-states","banff-united-kingdom","bangga-indonesia","banjarmasin-indonesia","banjul-gambia","banyu-urip-indonesia","bari-italy","barka-oman","barranquilla-colombia","barsebck-sweden","basseterre-saint-kitts-and-nevis","bata-equatorial-guinea","batam-indonesia","batangas-philippines","batu-prahu-indonesia","baturaja-indonesia","baubau-indonesia","bawean-indonesia","baxedes-greece","bay-of-tuquoy-united-kingdom","beausejour-guadeloupe","beculuk-indonesia","beirut-lebanon","belize-city-belize","bellport-ny-united-states","benghazi-libya","bengkalis-indonesia","bequia-saint-vincent-and-the-grenadines","berbera-somalia","bergen-norway","beverwijk-netherlands","biak-indonesia","bilbao-spain","bima-indonesia","bintan-indonesia","bintulu-malaysia","bizerte-tunisia","blaabjerg-denmark","black-river-jamaica","blackpool-sands-united-kingdom","blackpool-united-kingdom","blackwaterfoot-united-kingdom","bluefields-nicaragua","boat-harbour-tas-australia","boca-raton-fl-united-states","bod-norway","bogo-philippines","bomba-belize","boracay-philippines","bosaso-somalia","bozyazi-turkey","bp-clair-ridge-united-kingdom","branahuie-bay-united-kingdom","brean-united-kingdom","bredene-belgium","brega-libya","breivika-norway","brewers-bay-virgin-islands-u-s-","bridgetown-barbados","brighton-united-kingdom","brnnysund-norway","broadstairs-united-kingdom","brondby-denmark","brookhaven-ny-united-states","brookvale-nsw-australia","bude-united-kingdom","buenaventura-colombia","buenavista-philippines","buffalo-ny-united-states","bull-bay-jamaica","bulobulo-indonesia","bunkeflostand-sweden","bunkum-bay-montserrat","buranga-indonesia","busan-south-korea","bushehr-iran","butterworth-malaysia","butuan-city-philippines","cabimas-venezuela","cabo-espiritu-santo-argentina","cacuaco-angola","cadiz-city-philippines","cagayan-de-oro-philippines","cagliari-italy","calbayog-philippines","caldera-chile","calgary-united-kingdom","camuri-venezuela","cancn-mexico","candelaria-canary-islands-spain","candi-kusuma-indonesia","canefield-dominica","cannes-france","canouan-saint-vincent-and-the-grenadines","cape-daguilar-china","cape-ray-nl-canada","capesterre-belle-eau-guadeloupe","car-nicobar-india","carcavelos-portugal","carpano-venezuela","carriacou-grenada","carrickfergus-united-kingdom","cartagena-colombia","casablanca-morocco","castries-saint-lucia","cat-island-bahamas","catania-italy","caticlan-philippines","caves-point-bahamas","cavite-philippines","cayenne-french-guiana","cayeux-sur-mer-france","cayman-brac-cayman-islands","cebu-philippines","chabahar-iran","chaguaramas-trinidad-and-tobago","changi-north-singapore","changi-south-singapore","chania-greece","charlestown-ri-united-states","chateaubelair-saint-vincent-and-the-grenadines","chennai-india","cherating-malaysia","chichiriviche-venezuela","chikura-japan","chindini-comoros","chipiona-spain","chongming-china","christchurch-new-zealand","christiansted-vi-united-states","chung-hom-kok-china","cirebon-indonesia","ciudad-lzaro-crdenas-mexico","civitavecchia-italy","clarence-town-bahamas","clonshaugh-ireland","cloverdale-or-united-states","cochin-india","cockburn-town-bahamas","codroy-nl-canada","coilleag-united-kingdom","coleraine-united-kingdom","colombo-sri-lanka","colon-panama","conakry-guinea","condado-beach-pr-united-states","conference-grenada","conil-spain","constitucin-chile","copa-club-jamaica","corfu-greece","cork-ireland","coro-venezuela","coron-philippines","corran-united-kingdom","corrie-united-kingdom","corvo-portugal","cotonou-benin","coxs-bazar-bangladesh","craighouse-united-kingdom","crescent-beach-ri-united-states","crooked-island-bahamas","crown-haven-bahamas","cuman-venezuela","current-bahamas","dadeng-island-china","daet-philippines","dakar-senegal","dakhla-morocco","danang-vietnam","dania-beach-fl-united-states","dar-es-salaam-tanzania","dartmouth-united-kingdom","daru-papua-new-guinea","darwin-nt-australia","das-island-united-arab-emirates","davao-philippines","deep-water-bay-china","deeside-clwyd-united-kingdom","denpasar-indonesia","derna-libya","dhangethi-maldives","diba-oman","dickenson-bay-antigua-and-barbuda","dingwall-ns-canada","djibouti-city-djibouti","doha-qatar","domburg-netherlands","donaghadee-united-kingdom","douala-cameroon","douglas-isle-of-man","down-craig-united-kingdom","dragor-denmark","duart-bay-united-kingdom","dubai-united-arab-emirates","dublin-ireland","dubrovnik-croatia","dumaguete-philippines","dumai-indonesia","dumpton-gap-united-kingdom","duncan-town-bahamas","dunnet-bay-united-kingdom","dunnet-head-united-kingdom","dunvegan-united-kingdom","durres-albania","duynefontein-south-africa","eemshaven-netherlands","eight-mile-rock-bahamas","el-djamila-algeria","el-goro-canary-islands-spain","el-mdano-canary-islands-spain","el-quawef-libya","el-segundo-ca-united-states","emi-japan","ende-indonesia","endrup-denmark","ermoupoli-greece","estepona-spain","eydhafushi-maldives","faial-portugal","fakarava-french-polynesia","fakfak-indonesia","fangshan-taiwan","fano-denmark","farosund-sweden","farsund-norway","feolin-ferry-united-kingdom","fighting-bay-new-zealand","filizi-greece","fish-camp-ak-united-states","flamingo-bay-virgin-islands-u-s-","florence-or-united-states","flores-portugal","flying-fish-cove-christmas-island","fomboni-moheli-comoros","fort-amador-panama","fort-dauphin-madagascar","fortaleza-brazil","fortune-nl-canada","four-mile-bluff-tas-australia","frederiksted-virgin-islands-u-s-","freeport-tx-united-states","freetown-sierra-leone","fresh-creek-bahamas","fujairah-united-arab-emirates","fukuoka-japan","funchal-portugal","funningsfjordur-faroe-islands","fuvahmulah-maldives","fuzhou-china","gahdhoo-maldives","gallows-bay-bonaire-sint-eustatius-and-saba","gan-maldives","ganavan-bay-united-kingdom","ganaveh-iran","gav-spain","gedebak-odde-denmark","gedser-denmark","geoje-south-korea","george-town-bahamas","georgetown-guyana","gianyar-indonesia","gibraltar-gibraltar","gimar-canary-islands-spain","girne-cyprus","girvan-united-kingdom","glen-lyon-united-kingdom","glenbarr-united-kingdom","golden-bay-malta","goonhilly-downs-united-kingdom","governors-harbor-bahamas","graciosa-portugal","granadilla-canary-islands-spain","grand-baie-rodrigues-mauritius","great-bay-beach-sint-maarten","great-bay-virgin-islands-u-s-","great-level-bay-bonaire-sint-eustatius-and-saba","great-nicobar-india","greve-de-lecq-jersey","groudle-bay-isle-of-man","grover-beach-ca-united-states","guantanamo-bay-cuba","guanyin-mountain-china","guningtou-taiwan","gustavia-saint-barthlemy","gwadar-pakistan","haifa-israel","haina-dominican-republic","haines-ak-united-states","half-moon-bay-cayman-islands","halifax-ns-canada","halul-island-qatar","hanko-finland","hanstholm-denmark","hao-french-polynesia","haradsholm-finland","haramous-djibouti","harbour-pointe-wa-united-states","harbour-view-jamaica","havelet-bay-guernsey","havelock-india","hawaii-kai-hi-united-states","hawk-inlet-ak-united-states","hawksbill-bahamas","helsingborg-sweden","helsingr-denmark","helsinki-finland","hemnesberget-norway","hermosa-beach-ca-united-states","highbridge-united-kingdom","higuerote-venezuela","hillsboro-or-united-states","hirtshals-denmark","hithadhoo-maldives","hitiaa-french-polynesia","hiva-oa-french-polynesia","hobyo-somalia","hollywood-fl-united-states","holyhead-united-kingdom","homer-ak-united-states","honiara-solomon-islands","houstrup-denmark","huahine-french-polynesia","hudishibana-aruba","hulhumale-maldives","ibaraki-japan","ibiza-spain","igiugig-ak-united-states","igneada-turkey","ijmuiden-netherlands","ilhus-brazil","illiamna-ak-united-states","ilo-peru","iloilo-city-philippines","ilyich-russia","inverloch-vic-australia","iquique-chile","ishikari-japan","iskele-cyprus","isla-de-cozumel-mexico","isla-verde-pr-united-states","island-park-ny-united-states","istanbul-turkey","ixtapa-mexico","jacksonville-fl-united-states","jakarta-indonesia","jambi-indonesia","jarry-guadeloupe","jask-iran","jayapura-indonesia","jdaide-lebanon","jeddah-saudi-arabia","jimbaran-indonesia","joo-pessoa-brazil","juneau-ak-united-states","kagoshima-japan","kahe-point-hi-united-states","kaikoura-new-zealand","kaimana-indonesia","kalafati-greece","kalianda-indonesia","kaliko-haiti","kaliningrad-russia","kamorta-india","kapolei-hi-united-states","karachi-pakistan","kardamena-greece","karimun-indonesia","katong-singapore","katthammarsvik-sweden","kauditan-indonesia","kaukura-french-polynesia","kaunakakai-hi-united-states","kavieng-papua-new-guinea","kavos-greece","kawaihae-hi-united-states","kaweni-mayotte","kawinda-nae-indonesia","keawaula-hi-united-states","kekaha-hi-united-states","kelibia-tunisia","kenai-ak-united-states","kendal-indonesia","kendari-indonesia","kep-aru-indonesia","kerch-ukraine","kerema-papua-new-guinea","ketapang-indonesia","ketchikan-ak-united-states","kg-buntai-malaysia","khark-island-iran","khasab-oman","kiamsam-malaysia","kihei-maui-hi-united-states","kikori-papua-new-guinea","kilchatten-bay-united-kingdom","kilchoan-ferry-united-kingdom","killala-ireland","kilmore-quay-ireland","kimbe-papua-new-guinea","kingisepp-russia","kingstown-saint-vincent-and-the-grenadines","kiritimati-kiribati","kismayo-somalia","kita-kyushu-japan","kitaibaraki-japan","klagshamn-sweden","klaipeda-lithuania","ko-olina-hi-united-states","kochilari-greece","kodiak-ak-united-states","kokar-indonesia","kokhanok-ak-united-states","kokkini-greece","koko-head-hi-united-states","kokopo-papua-new-guinea","kolhufushi-maldives","kolobrzeg-poland","komesu-japan","kontokali-greece","korsor-denmark","kota-kinabalu-malaysia","kota-mappi-indonesia","kotka-finland","kotzebue-ak-united-states","kourou-french-guiana","krabozavodskoye-russia","kralendijk-bonaire-netherlands","krdla-estonia","kremasti-greece","kribi-cameroon","kristiansand-norway","kristinelund-sweden","krst-norway","kuakata-bangladesh","kuala-tungkal-indonesia","kuantan-malaysia","kuching-malaysia","kulhudhufushi-maldives","kungsbacka-sweden","kupang-indonesia","kurilsk-russia","kuwait-city-kuwait","kwajalein-marshall-islands","la-guaira-venezuela","la-lnea-spain","la-paz-mexico","la-serena-chile","la-seyne-france","la-union-philippines","labuan-bajo-indonesia","labuha-indonesia","lae-papua-new-guinea","laeso-denmark","lagavulin-united-kingdom","lagos-nigeria","lahaina-hi-united-states","lake-ci-taiwan","lakudo-indonesia","lamaline-nl-canada","lancresse-bay-guernsey","landeyjar-iceland","lannion-france","lanse--beaufils-qc-canada","lantau-island-china","largs-united-kingdom","larne-united-kingdom","larvik-norway","las-caletillas-spain","las-toninas-argentina","le-lamentin-martinique","le-port-runion","leava-wallis-and-futuna","lecanvey-ireland","leganes-philippines","legazpi-city-philippines","lena-point-ak-united-states","les-les-de-la-madeleine-qc-canada","leverburgh-united-kingdom","levin-new-zealand","libreville-gabon","liepaja-latvia","lihue-hi-united-states","limbe-cameroon","linao-chile","lingang-china","lingga-indonesia","little-andaman-india","lle-rousse-france","lochmaddy-united-kingdom","logi-russia","lombok-indonesia","lome-togo","long-island-india","longyearbyen-svalbard-norway","lorengau-papua-new-guinea","los-angeles-ca-united-states","los-realejos-canary-islands-spain","loughshinny-ireland","lowestoft-united-kingdom","lucena-philippines","ludag-united-kingdom","lurin-peru","lusk-ireland","luwuk-indonesia","lyngsa-denmark","lynn-ma-united-states","lynnwood-wa-united-states","maca-brazil","macei-brazil","madang-papua-new-guinea","madura-indonesia","magachgil-yap-micronesia","magens-bay-vi-united-states","mahuma-curaao","maiquetia-venezuela","majuro-marshall-islands","makaha-hi-united-states","makassar-indonesia","makemo-french-polynesia","makena-hi-united-states","malabo-equatorial-guinea","maldonado-uruguay","male-maldives","mallaigvaig-united-kingdom","mallorca-spain","mamoudzou-mayotte","manado-indonesia","manama-bahrain","manasquan-nj-united-states","manchester-ca-united-states","mancora-peru","manele-bay-hi-united-states","mangalia-romania","mangawhai-new-zealand","manihi-french-polynesia","maniitsoq-greenland","manokwari-indonesia","manta-ecuador","manzanillo-mexico","maputo-mozambique","maracaibo-venezuela","maria-chiquita-panama","mariehamn-finland","marina-di-ragusa-italy","markgrafenheide-germany","marmaris-turkey","maroochydore-qld-australia","marseille-france","maruyama-japan","masbate-city-philippines","masohi-indonesia","mata-utu-wallis-and-futuna","matara-sri-lanka","mataram-indonesia","matthew-town-bahamas","mayaguana-bahamas","maywick-united-kingdom","mazara-del-vallo-italy","mazatln-mexico","mcgaurans-beach-vic-australia","mchugh-point-ak-united-states","medan-indonesia","meimen-chile","melaka-malaysia","melkbosstrand-south-africa","mellieha-malta","melonguane-indonesia","mentigi-indonesia","merauke-indonesia","meremisa-estonia","mersing-malaysia","mestre-italy","mgarr-ix-xini-malta","mielno-poland","milagros-philippines","milton-nl-canada","minamiboso-japan","miquelon-langlade-saint-pierre-and-miquelon","miramar-pr-united-states","miri-malaysia","misrata-libya","miura-japan","miyazaki-japan","mo-i-rana-norway","mogadishu-somalia","mombasa-kenya","monaco-monaco","monrovia-liberia","monte-carlo-monaco","montego-bay-jamaica","moorea-french-polynesia","morant-point-jamaica","moroni-comoros","morotai-indonesia","morro-bay-ca-united-states","morrojable-canary-islands-spain","mosede-denmark","mouly-new-caledonia","msida-malta","mt-lavinia-sri-lanka","mtunzini-south-africa","muanda-congo-dem-rep-","mumbai-india","muncar-indonesia","muntok-indonesia","murdeira-cape-verde","muscat-oman","mustique-saint-vincent-and-the-grenadines","mutsamudu-comoros","mykonos-greece","nabire-indonesia","naga-philippines","nago-japan","nakhodka-russia","namlea-indonesia","nanhui-china","nanny-cay-virgin-islands-u-k-","naoetsu-japan","naousa-greece","narragansett-ri-united-states","narrow-cape-ak-united-states","narvik-norway","nassau-bahamas","nasugbu-philippines","natal-brazil","natuna-indonesia","naxos-greece","neapoli-greece","nedonna-beach-or-united-states","needhams-point-barbados","negril-jamaica","neiafu-tonga","nelson-new-zealand","nesna-norway","nevelsk-russia","new-plymouth-new-zealand","new-victoria-ns-canada","newcastle-united-kingdom","newhalen-ak-united-states","ngeremlengui-palau","ngwe-saung-myanmar","nikiski-ak-united-states","nome-ak-united-states","nondalton-ak-united-states","nopigeia-greece","noro-solomon-islands","norrtalge-sweden","north-bay-united-kingdom","north-miami-beach-fl-united-states","north-salina-bonaire-sint-eustatius-and-saba","northport-ny-united-states","nouakchott-mauritania","noumea-new-caledonia","nova-sintra-cape-verde","novorossiysk-russia","nuku-hiva-french-polynesia","nukualofa-tonga","nukunonu-tokelau","nuuk-greenland","nyali-kenya","nybor-denmark","nybro-sweden","nynashamn-sweden","oara-new-zealand","ocho-rios-jamaica","okha-russia","okinawa-japan","ola-russia","olbia-italy","ondong-siau-indonesia","oran-algeria","ormoc-philippines","ormsary-united-kingdom","ostend-belgium","osterby-denmark","oteranga-bay-new-zealand","otranto-italy","otter-ferry-united-kingdom","owia-saint-vincent-and-the-grenadines","oxford-falls-nsw-australia","oxwich-bay-united-kingdom","ozamiz-city-philippines","pa-li-taiwan","pacific-city-or-united-states","padang-galak-indonesia","padang-indonesia","paddington-nsw-australia","paget-bermuda","pago-pago-american-samoa","palembang-indonesia","palermo-italy","palma-spain","pangai-tonga","panipahan-indonesia","pankalan-indonesia","papenoo-french-polynesia","paraparaumu-new-zealand","parque-isla-de-salamanca-colombia","pasacao-philippines","pascagoula-ms-united-states","pedersker-denmark","pedro-bay-ak-united-states","peel-isle-of-man","pegwell-barbados","pekanbaru-indonesia","pembroke-guernsey","penang-malaysia","penarik-indonesia","penmarch-france","pentaskhinos-cyprus","perivolos-greece","perth-wa-australia","pesaren-indonesia","petersburg-ak-united-states","petit-perello-france","pevensey-bay-united-kingdom","philipsburg-sint-maarten","piedra-santa-spain","pigeon-point-trinidad-and-tobago","pile-bay-ak-united-states","pinamalayan-philippines","pirgaki-greece","piti-guam","plataria-greece","playa-blanca-canary-islands-spain","playa-de-benitez-spain","playa-de-la-ribera-spain","playa-del-carmen-mexico","plerin-france","plimmiri-greece","pohnpei-micronesia","poindimie-new-caledonia","point-hope-ak-united-states","point-salines-grenada","pointe-a-pitre-guadeloupe","pointe-noire-congo-rep-","ponta-delgada-portugal","pontianak-indonesia","popondetta-papua-new-guinea","porlamar-venezuela","port-alsworth-ak-united-states","port-antonio-jamaica","port-askaig-united-kingdom","port-au-prince-haiti","port-blair-india","port-erin-isle-of-man","port-gentil-gabon","port-grenaugh-isle-of-man","port-hedland-wa-australia","port-moresby-papua-new-guinea","port-nelson-bahamas","port-nl-france","port-of-spain-trinidad-and-tobago","port-sudan-sudan","port-vila-vanuatu","portachur-point-united-kingdom","portage-ak-united-states","porthcressa-beach-united-kingdom","porthcurno-united-kingdom","porto-novosanto-antao-cape-verde","porto-rafti-greece","porto-santo-portugal","porto-seguro-brazil","portpatrick-united-kingdom","portrane-ireland","poti-georgia","pozzallo-italy","praia-cape-verde","praia-grande-brazil","prince-rupert-bc-canada","pringgabaya-indonesia","providenciales-turks-and-caicos-islands","prudhoe-bay-ak-united-states","puerto-barrios-guatemala","puerto-cabello-venezuela","puerto-cabezas-nicaragua","puerto-chacabuco-chile","puerto-colombia-colombia","puerto-cortes-honduras","puerto-del-rosario-canary-islands-spain","puerto-la-cruz-venezuela","puerto-lempira-honduras","puerto-limon-costa-rica","puerto-montt-chile","puerto-plata-dominican-republic","puerto-saavedra-chile","puerto-san-jose-guatemala","puerto-viejo-venezuela","puerto-williams-chile","puger-indonesia","punta-arenas-chile","punta-cana-dominican-republic","punta-carnero-ecuador","punta-dungeness-argentina","punta-salina-pr-united-states","punto-fijo-venezuela","puttgarden-germany","pyapon-myanmar","qalhat-oman","qaqortoq-greenland","qingdao-china","quellon-chile","raglan-new-zealand","raha-indonesia","ranai-indonesia","rangat-india","rangiroa-french-polynesia","rantu-prapat-indonesia","rarotonga-cook-islands","ras-lanuf-libya","ratmalana-sri-lanka","rayong-thailand","rdvig-denmark","recife-brazil","redondo-beach-ca-united-states","rengit-malaysia","riding-point-bahamas","rio-de-janeiro-brazil","riohacha-colombia","rnne-denmark","rock-sound-bahamas","rodbyhavn-denmark","rodney-bay-saint-lucia","rose-blanche-nl-canada","roseau-dominica","rostock-germany","rota-northern-mariana-islands","rota-spain","roxas-city-philippines","roxas-philippines","rrvik-norway","rst-norway","saeby-denmark","sagunto-spain","saida-lebanon","saint-barthelemy-saint-barthlemy","saint-franois-guadeloupe","saint-hilaire-de-riez-france","saint-john-nb-canada","saint-louis-guadeloupe","saint-maarten-sint-maarten","saint-martin-saint-martin","saint-paul-runion","saint-pierre-saint-pierre-and-miquelon","sainte-marie-runion","saints-bay-guernsey","saipan-northern-mariana-islands","sakra-island-singapore","sal-rei-cape-verde","salakan-indonesia","salalah-oman","salinas-ecuador","saltcoats-united-kingdom","salvador-brazil","samandag-turkey","san-andres-colombia","san-antonio-chile","san-carlos-philippines","san-jose-de-buenavista-philippines","san-jose-philippines","san-juan-philippines","san-juan-pr-united-states","san-luis-obispo-ca-united-states","san-pedro-belize","san-remigio-philippines","san-sebastian-de-la-gomera-canary-islands-spain","sanana-indonesia","sandnessjen-norway","sandwick-united-kingdom","sandwick-village-united-kingdom","sandy-point-bahamas","sandy-point-vic-australia","sandymount-ireland","sangano-angola","sangata-indonesia","sangatta-indonesia","santa-cruz-de-la-palma-canary-islands-spain","santa-magdalena-philippines","santa-marta-colombia","santa-ponsa-spain","santiago-de-cuba-cuba","santo-domingo-dominican-republic","santos-brazil","sanur-indonesia","sao-filipe-cape-verde","sao-mateus-portugal","sao-pedro-cape-verde","sao-tome-sao-tome-and-principe","sape-indonesia","saraemee-indonesia","sardina-canary-islands-spain","sarmi-indonesia","sasanlagu-rota-northern-mariana-islands","satun-thailand","savona-italy","savusavu-fiji","scarinish-united-kingdom","schoelcher-martinique","schooner-bight-colombia","seba-indonesia","seixal-portugal","sendai-japan","senggigi-indonesia","sennen-cove-united-kingdom","seraya-indonesia","serwaru-indonesia","ses-covetes-spain","sesimbra-portugal","seward-ak-united-states","seydisfjordur-iceland","shanghai-china","shantou-china","sharjah-united-arab-emirates","shima-japan","shindu-ri-south-korea","shirley-ny-united-states","sibolga-indonesia","siboney-cuba","sihanoukville-cambodia","silecroft-beach-united-kingdom","sines-portugal","singkawang-indonesia","sir-abu-nuayr-island-united-arab-emirates","sirte-libya","sisimiut-greenland","sitia-greece","sitio-brazil","sitka-ak-united-states","sizewell-united-kingdom","skagway-ak-united-states","skaill-united-kingdom","skalvik-sweden","skewjack-united-kingdom","so-mateus-brazil","sochi-russia","sofifi-indonesia","songkhla-thailand","sorong-indonesia","soroosh-platform-iran","south-arne-denmark","southport-united-kingdom","spanish-river-park-fl-united-states","spencer-beach-hi-united-states","sriracha-thailand","st-croix-virgin-islands-u-s-","st-davids-bermuda","st-johns-antigua-and-barbuda","st-louis-saint-martin","st-ouens-bay-jersey","st-pauls-bay-malta","stanley-tas-australia","stavanger-norway","stavsnas-sweden","stockholm-sweden","suemlaki-indonesia","suez-egypt","sugar-dock-saipan-northern-mariana-islands","sumbawa-besar-indonesia","sungai-kakap-indonesia","sungailiat-indonesia","sungsang-indonesia","supiori-indonesia","surabaya-indonesia","suro-guinea-bissau","surville-france","suva-fiji","sventoji-lithuania","swakopmund-namibia","sydney-mines-ns-canada","sydney-nsw-australia","sylt-germany","syros-greece","taba-egypt","tachognya-beach-tinian-northern-mariana-islands","tagbilaran-philippines","tahuna-indonesia","taipa-china","takapuna-new-zealand","takaroa-french-polynesia","takesung-indonesia","talcahuano-chile","taliabu-indonesia","talisay-philippines","tallinn-estonia","tanah-merah-singapore","tanguisson-point-guam","tanjung-bemban-indonesia","tanjung-pakis-indonesia","tanjung-pandan-indonesia","tanjung-pinggir-indonesia","tanjung-selor-indonesia","tanshui-taiwan","tarahales-spain","tarakan-indonesia","tarifa-spain","taro-solomon-islands","tarrafalsantiago-cape-verde","tarrafalsao-nicolau-cape-verde","tartous-syria","taytay-philippines","tebingtinggi-island-indonesia","tel-aviv-israel","telisai-brunei","teluk-indonesia","teping-tinggi-indonesia","terante-indonesia","terempa-indonesia","ternate-indonesia","terre-de-haut-guadeloupe","terre-rouge-mauritius","the-valley-anguilla","thinadhoo-maldives","thorpeness-united-kingdom","tiakur-indonesia","tidore-indonesia","tijuana-mexico","timika-indonesia","tinian-northern-mariana-islands","tinocas-canary-islands-spain","tinos-greece","titahi-bay-new-zealand","tjele-denmark","tjornuvik-faroe-islands","toahotu-french-polynesia","toamasina-madagascar","tobelo-indonesia","tobermory-united-kingdom","toco-trinidad-and-tobago","tocopilla-chile","toledo-philippines","toliara-madagascar","tolmeta-libya","tolu-colombia","tong-fuk-china","topolobampo-mexico","toronto-on-canada","torshavn-faroe-islands","tortel-chile","tortola-virgin-islands-u-k-","totalenergies-halfdan-denmark","totalenergies-tyra-denmark","totness-suriname","toucheng-taiwan","toulon-france","towale-indonesia","toweli-indonesia","toyohashi-japan","trablous-lebanon","trapani-italy","tripoli-lebanon","tripoli-libya","trivendrum-india","trondheim-norway","troon-united-kingdom","trujillo-honduras","tseung-kwan-o-china","ttouan-morocco","tual-indonesia","tuas-singapore","tuasivi-samoa","tuborg-denmark","tubruq-libya","tuckerton-nj-united-states","tulum-mexico","tumon-bay-guam","tungku-brunei","turku-finland","tuticorine-india","tutuyan-indonesia","tyra-denmark","ujung-pankah-indonesia","umag-croatia","umbogintwini-south-africa","ume-sweden","union-island-saint-vincent-and-the-grenadines","unqui-costa-rica","ust-bolsheretsk-russia","utqiavik-ak-united-states","utskarpen-norway","uturoa-french-polynesia","vaasa-finland","vaitape-french-polynesia","valdemar-denmark","valdez-ak-united-states","valencia-spain","valparaso-chile","valverde-canary-islands-spain","vanimo-papua-new-guinea","varberg-sweden","varna-bulgaria","vdd-sweden","velas-portugal","velling-sweden","ventspils-latvia","vero-beach-fl-united-states","vestero-denmark","vestmannaeyjar-iceland","veules-les-roses-france","victoria-seychelles","vila-do-maio-cape-verde","vila-do-porto-portugal","vila-olga-virgin-islands-u-s-","virginia-beach-va-united-states","vitria-brazil","vung-tau-vietnam","wada-japan","waikanae-new-zealand","waingapu-indonesia","wainwright-ak-united-states","waisai-indonesia","wall-township-nj-united-states","warrenton-or-united-states","wawonii-indonesia","wellington-new-zealand","wenchang-china","weno-chuuk-micronesia","west-palm-beach-fl-united-states","wewak-papua-new-guinea","whanganui-new-zealand","whenuapai-new-zealand","whitehead-united-kingdom","whitesands-bay-united-kingdom","whittier-ak-united-states","willemstad-curaao","williamsport-ak-united-states","wrangell-ak-united-states","wurrumiyanga-nt-australia","xepenehe-new-caledonia","yanbu-saudi-arabia","yapen-indonesia","yeroskipos-cyprus","ygarden-norway","ystad-sweden","yuzhno-kurilsk-russia","yuzhno-sakhalinsk-russia","yzerfontein-south-africa","zafarana-egypt","zandvoort-netherlands","zawia-libya","zeebrugge-belgium","zhuhai-china","zuwara-libya"]}
