{"id":"dominican-republic","name":"Dominican Republic","cables":[{"id":"america-movil-submarine-cable-system-1-amx-1","name":"America Movil Submarine Cable System-1 (AMX-1)","rfs_year":2014,"is_planned":false},{"id":"antillas-1","name":"Antillas 1","rfs_year":1997,"is_planned":false},{"id":"arcos","name":"ARCOS","rfs_year":2001,"is_planned":false},{"id":"boriken-submarine-cable-system-bscs","name":"Boriken Submarine Cable System (BSCS)","rfs_year":2024,"is_planned":true},{"id":"east-west","name":"East-West","rfs_year":2011,"is_planned":false},{"id":"fibralink","name":"Fibralink","rfs_year":2006,"is_planned":false},{"id":"south-america-1-sam-1","name":"South America-1 (SAm-1)","rfs_year":2001,"is_planned":false}],"landing_points":["nassau-bahamas","crooked-island-bahamas","providenciales-turks-and-caicos-islands","punta-cana-dominican-republic","puerto-plata-dominican-republic","riohacha-colombia","bluefields-nicaragua","puerto-lempira-honduras","trujillo-honduras","puerto-cortes-honduras","puerto-barrios-guatemala","boca-raton-fl-united-states","san-juan-pr-united-states","fortaleza-brazil","rio-de-janeiro-brazil","santos-brazil","las-toninas-argentina","valparaso-chile","arica-chile","lurin-peru","puerto-san-jose-guatemala","puerto-cabezas-nicaragua","cartagena-colombia","cat-island-bahamas","salvador-brazil","punto-fijo-venezuela","north-miami-beach-fl-united-states","tulum-mexico","isla-verde-pr-united-states","belize-city-belize","puerto-limon-costa-rica","cancn-mexico","santo-domingo-dominican-republic","miramar-pr-united-states","bull-bay-jamaica","barranquilla-colombia","punta-carnero-ecuador","mancora-peru","maria-chiquita-panama","harbour-view-jamaica","haina-dominican-republic","nanny-cay-virgin-islands-u-k-","jacksonville-fl-united-states","willemstad-curaao","kaliko-haiti","hollywood-fl-united-states","macao-beach-dominican-republic","aguadilla-pr-united-states","ponce-pr-united-states","humacao-pr-united-states","frederiksted-virgin-islands-u-s-","montego-bay-jamaica","ocho-rios-jamaica","schooner-bight-colombia"],"landing_points_in_country":["santo-domingo-dominican-republic","punta-cana-dominican-republic","puerto-plata-dominican-republic","haina-dominican-republic","macao-beach-dominican-republic"]}
